﻿<?xml version="1.0" encoding="utf-8"?>
<MetaView>
  <Toolbar>
    <add>
      <Button id="NewPageCmd" text="{SharedStrings:New_Command}" imageUrl="~/Apps/Shell/styles/Images/new.gif" commandName="cmdContentNewPageCmd" permissions="content:site:nav:mng:create"/>
      <Splitter id="ActionsSplitter"/>
      <Menu id="MoreActionsSplitButton" text="{SharedStrings:More_Actions}" imageUrl="~/Apps/Shell/styles/Images/toolbar/newtask.gif" permissions="content:site:nav:mng:delete">
        <Button id="DeleteSelected" text="{SharedStrings:Delete_Selected}" imageUrl="~/Apps/Shell/styles/Images/toolbar/delete.gif" commandName="cmdContentPageCmdDelete" />
      </Menu>
      <Button id="ViewFoldersList" align="Right" text="{SharedStrings:Back_to_Folders_List}" imageUrl="~/Apps/Shell/styles/Images/cancel.gif" commandName="cmdContentFoldersList"/>
    </add>
  </Toolbar>

  <Commands>
    <add>
      <Command id="cmdContentNewPageCmd">
        <CommandType>ClientAction</CommandType>
        <ClientScript>CSContentClient.NewPageCmd()</ClientScript>
      </Command>

      <Command id="cmdContentPageCmdDelete">
        <EnableHandler type="Mediachase.Commerce.Manager.CommandHandlers.CommonEnableHandler, Mediachase.ConsoleManager" />
        <BeforeClientScript>Toolbar_GridHasItemsSelected</BeforeClientScript>
        <ConfirmationText>{CommerceManager:DeleteSelectedItemsConfirmation}</ConfirmationText>
        <CommandType>ServerAction</CommandType>
        <Handler type="Mediachase.Commerce.Manager.Content.CommandHandlers.PageCmdDeleteHandler, Mediachase.ConsoleManager" />
        <EnableHandler type="Mediachase.Commerce.Manager.CommandHandlers.PermissionEnableHandler, Mediachase.ConsoleManager" />
        <UpdatePanelIds>panelMainListView</UpdatePanelIds>
      </Command>
      
      <Command id="cmdContentFoldersList">
        <CommandType>ClientAction</CommandType>
        <ClientScript>CSContentClient.FolderSaveRedirect()</ClientScript>
        <EnableHandler type="Mediachase.Commerce.Manager.CommandHandlers.PermissionEnableHandler, Mediachase.ConsoleManager" />
      </Command>

      <!-- Grid commands -->
      <Command id="cmdContentGridPageCmdEdit">
        <CommandType>ClientAction</CommandType>
        <ClientScript>CSContentClient.EditPageCmd(params)</ClientScript>
        <EnableHandler type="Mediachase.Commerce.Manager.CommandHandlers.PermissionEnableHandler, Mediachase.ConsoleManager" />
      </Command>
      <Command id="cmdContentGridPageCmdDelete">
        <CommandType>ServerAction</CommandType>
        <Handler type="Mediachase.Commerce.Manager.Content.CommandHandlers.PageCmdDeleteHandler, Mediachase.ConsoleManager" />
        <UpdatePanelIds>panelMainListView</UpdatePanelIds>
        <EnableHandler type="Mediachase.Commerce.Manager.CommandHandlers.PermissionEnableHandler, Mediachase.ConsoleManager" />
      </Command>
    </add>
  </Commands>
</MetaView>